{"projects":{"1":{"id":1,"title":"kohv5","path":"/Users/andyrichardson/Sites/kohv5/","output_relative":"../../Desktop/style-guide-test","output_absolute":"/Users/andyrichardson/Desktop/style-guide-test/","variables_relative":"source/assets/stylesheets/defaults/_variables.css.sass","variables_absolute":"/Users/andyrichardson/Sites/kohv5/source/assets/stylesheets/defaults/_variables.css.sass","stylesheets_relative":"source/assets/stylesheets","stylesheets_absolute":"/Users/andyrichardson/Sites/kohv5/source/assets/stylesheets/","block_title":"Buttons.1","block_content":"%button{class: \"btn btn-primary $modifier_class\"} Button"},"2":{"id":2,"title":"dewey","path":"/Users/andyrichardson/Sites/dewey/","output_relative":"../../Desktop/style-guide-test","output_absolute":"/Users/andyrichardson/Desktop/style-guide-test/","variables_relative":"app/assets/stylesheets/application/_variables.css.sass","variables_absolute":"/Users/andyrichardson/Sites/dewey/app/assets/stylesheets/application/_variables.css.sass"},"3":{"id":3,"title":"trend5","path":"/Users/andyrichardson/Sites/trend5/","stylesheets_relative":"app/assets/stylesheets","stylesheets_absolute":"/Users/andyrichardson/Sites/trend5/app/assets/stylesheets/","variables_relative":"app/assets/stylesheets/application/_variables.css.sass","variables_absolute":"/Users/andyrichardson/Sites/trend5/app/assets/stylesheets/application/_variables.css.sass","output_relative":"../../Desktop/style-guide-test","output_absolute":"/Users/andyrichardson/Desktop/style-guide-test/","block_title":"Buttons.1","block_content":"%button{class: \"btn btn-primary $modifier_class\"} Button","css_relative":"../../Desktop/trend5.css","css_absolute":"/Users/andyrichardson/Desktop/trend5.css"}}}